command,mean,stddev,median,user,system,min,max
./sieve-bit-gcc-O0,1.9150315524866668,0.008880225925170064,1.91352089002,1.90642746,0.006721134000000002,1.89881407302,1.93383496802
./sieve-bit-gcc-O1,0.9311111320533333,0.005418932639185983,0.93201972702,0.927765093333333,0.0020808633333333332,0.91886919402,0.9408239380200001
./sieve-bit-gcc-O2,0.9538263479533333,0.008845722285020684,0.95221802152,0.9508592266666669,0.0017559620000000002,0.9409443160200001,0.98606923802
./sieve-bit-tcg-pv,1.47498354832,0.005658907041586466,1.47598669152,1.4660617599999997,0.007167525333333333,1.46505068402,1.48740028902
./sieve-bit-tcg-v,2.0089948165533333,0.007521617293964541,2.0089948505199997,1.9991448266666665,0.007945567333333335,1.99468601202,2.02049880702
./sieve-bit-tcg-p,1.9051833087199996,0.009262661193690609,1.90403378902,1.8961462933333328,0.007059858666666668,1.8868622370199999,1.92728455502
./sieve-bit-tcg-,3.0600333608866657,0.010965542695011998,3.0605353325199998,3.0508055599999997,0.0066115093333333355,3.03588112202,3.08386846902
