command,mean,stddev,median,user,system,min,max
./sieve-gcc-O0,2.114019423626667,0.27034710513426846,1.97604166856,2.09793078,0.01428652,1.94427529906,2.89397915406
./sieve-gcc-O1,1.4747469474600003,0.005580287950090042,1.47501194156,1.4590663466666665,0.01404215333333333,1.46429111906,1.48591264906
./sieve-gcc-O2,1.47744750306,0.0058321618122523415,1.47832510806,1.4602724466666668,0.01548435333333333,1.46688020306,1.48943372006
./sieve-tcg-pv,1.6220013142600005,0.009224953030972207,1.62149278906,1.6077645133333331,0.012504145999999997,1.60440893706,1.64412717606
./sieve-tcg-v,1.7514742133266665,0.004768065036132753,1.75098516306,1.734594346666666,0.014947719999999996,1.74444516406,1.76527798306
./sieve-tcg-p,2.06624009546,0.09927560643432487,2.04868399156,2.0483920466666663,0.01572898666666667,2.03748095506,2.59102065606
./sieve-tcg-,2.729766004393334,0.20207280368277278,2.65318672306,2.7059915133333337,0.021178357333333342,2.62687522106,3.45895037806
