command,mean,stddev,median,user,system,min,max
./sieve-bit-cse-gcc-O0,1.9181326954133333,0.011456969933966369,1.91456398718,1.9091790599999998,0.007164077999999999,1.90138822168,1.94519377268
./sieve-bit-cse-gcc-O1,0.9350091324466667,0.003977267007639058,0.9346761931800001,0.9313801599999998,0.002412024,0.9286402306800001,0.9487945306800001
./sieve-bit-cse-gcc-O2,0.9508961345466669,0.004533863533419816,0.9522909631800001,0.9467622600000001,0.0028482326666666668,0.94028038968,0.9593318946800001
./sieve-bit-cse-tcg-pv,1.2690701136466664,0.004703702056147281,1.27038913818,1.2642687933333332,0.003297804666666667,1.2597239196799999,1.2756001956799998
./sieve-bit-cse-tcg-v,1.7596876689799998,0.004378587883175472,1.75963516568,1.7495885266666664,0.008381653333333332,1.75075741668,1.76872588668
./sieve-bit-cse-tcg-p,1.9375259596800007,0.005172398822117092,1.93750088668,1.9283408266666668,0.0075020166666666666,1.9286511986800001,1.95056882868
./sieve-bit-cse-tcg-,2.705152061646667,0.018240514629102197,2.70050051768,2.695690426666666,0.007385991999999999,2.68611498968,2.75441516368
